{"stat.flyOneCm":4762,"stat.walkOneCm":52358,"stat.jump":47,"stat.mineBlock.minecraft.leaves":4,"stat.swimOneCm":119,"stat.playOneMinute":11537,"stat.fallOneCm":931,"achievement.openInventory":3,"stat.craftItem.minecraft.planks":124,"stat.damageTaken":70,"stat.craftItem.minecraft.crafting_table":1,"stat.crouchOneCm":85,"stat.timeSinceDeath":11537,"stat.useItem.minecraft.wooden_pickaxe":4,"stat.sprintOneCm":24364,"stat.useItem.minecraft.crafting_table":1,"stat.mineBlock.minecraft.coal_ore":4,"stat.craftItem.minecraft.wooden_sword":1,"stat.mineBlock.minecraft.log":31,"stat.craftItem.minecraft.wooden_pickaxe":1,"achievement.exploreAllBiomes":{"value":0,"progress":["Birch Forest","Plains"]},"stat.craftItem.minecraft.stick":8,"stat.craftItem.minecraft.wooden_axe":1}