{"stat.craftItem.minecraft.stone_shovel":1,"stat.walkOneCm":94124,"stat.useItem.minecraft.torch":2,"achievement.openInventory":6,"stat.craftItem.minecraft.planks":124,"stat.craftItem.minecraft.stone_axe":1,"stat.damageTaken":70,"stat.useItem.minecraft.cobblestone":1,"stat.craftItem.minecraft.crafting_table":1,"stat.craftItem.minecraft.stone_pickaxe":1,"stat.useItem.minecraft.wooden_pickaxe":38,"stat.mineBlock.minecraft.coal_ore":20,"stat.mobKills":3,"stat.craftItem.minecraft.wooden_sword":1,"stat.mineBlock.minecraft.log":31,"stat.craftItem.minecraft.stone_sword":1,"stat.flyOneCm":5124,"stat.jump":78,"stat.mineBlock.minecraft.leaves":4,"stat.swimOneCm":119,"stat.playOneMinute":23165,"stat.fallOneCm":931,"stat.useItem.minecraft.stone_pickaxe":51,"stat.useItem.minecraft.stone_sword":11,"stat.damageDealt":360,"stat.killEntity.Rabbit":1,"stat.crouchOneCm":85,"stat.timeSinceDeath":23165,"stat.craftItem.minecraft.torch":12,"stat.craftItem.minecraft.chest":2,"stat.useItem.minecraft.crafting_table":1,"stat.sprintOneCm":33936,"stat.craftItem.minecraft.wooden_pickaxe":1,"stat.mineBlock.minecraft.stone":69,"stat.killEntity.Pig":2,"achievement.exploreAllBiomes":{"value":0,"progress":["Birch Forest","Plains"]},"stat.mineBlock.minecraft.tallgrass":4,"stat.craftItem.minecraft.stick":16,"stat.craftItem.minecraft.wooden_axe":1}