{"stat.walkOneCm":122114,"stat.useItem.minecraft.torch":8,"stat.craftItem.minecraft.cooked_porkchop":6,"stat.craftItem.minecraft.crafting_table":1,"stat.useItem.minecraft.cooked_porkchop":5,"stat.breakItem.minecraft.wooden_axe":1,"stat.mineBlock.minecraft.coal_ore":62,"stat.jump":334,"stat.swimOneCm":250,"stat.fallOneCm":2503,"stat.useItem.minecraft.stone_axe":65,"stat.crouchOneCm":13000,"achievement.mineWood":35,"stat.craftItem.minecraft.iron_ingot":8,"stat.craftItem.minecraft.torch":16,"stat.useItem.minecraft.dirt":2,"stat.sprintOneCm":47029,"achievement.exploreAllBiomes":{"value":0,"progress":["Sunflower Plains","Birch Forest","River","Plains"]},"stat.craftItem.minecraft.stick":16,"stat.craftItem.minecraft.wooden_axe":1,"stat.killEntity.Skeleton":3,"stat.craftItem.minecraft.furnace":1,"achievement.openInventory":7,"stat.craftItem.minecraft.planks":60,"stat.craftItem.minecraft.stone_axe":1,"stat.mineBlock.minecraft.crafting_table":2,"stat.damageTaken":280,"stat.useItem.minecraft.iron_ore":1,"stat.craftItem.minecraft.stone_pickaxe":1,"stat.mineBlock.minecraft.furnace":1,"stat.useItem.minecraft.furnace":1,"stat.useItem.minecraft.wooden_pickaxe":31,"stat.mobKills":17,"stat.mineBlock.minecraft.log":42,"stat.flyOneCm":48859,"stat.mineBlock.minecraft.leaves":5,"stat.playOneMinute":23253,"stat.useItem.minecraft.stone_pickaxe":76,"stat.craftItem.minecraft.iron_pickaxe":1,"stat.damageDealt":2500,"stat.killEntity.Rabbit":10,"stat.mineBlock.minecraft.iron_ore":40,"stat.killEntity.Zombie":1,"stat.timeSinceDeath":23253,"stat.useItem.minecraft.wooden_axe":61,"stat.useItem.minecraft.crafting_table":2,"stat.mineBlock.minecraft.dirt":12,"stat.useItem.minecraft.iron_pickaxe":95,"stat.craftItem.minecraft.wooden_pickaxe":2,"stat.killEntity.Pig":3,"stat.mineBlock.minecraft.stone":97,"stat.mineBlock.minecraft.tallgrass":32,"stat.diveOneCm":310}