{"stat.walkOneCm":48846,"achievement.openInventory":2,"stat.craftItem.minecraft.planks":24,"stat.craftItem.minecraft.stone_axe":1,"stat.mineBlock.minecraft.crafting_table":1,"stat.damageTaken":100,"stat.craftItem.minecraft.crafting_table":1,"stat.craftItem.minecraft.stone_pickaxe":1,"stat.useItem.minecraft.wooden_pickaxe":31,"stat.breakItem.minecraft.wooden_axe":1,"stat.mobKills":3,"stat.mineBlock.minecraft.log":42,"stat.flyOneCm":23350,"stat.jump":161,"stat.mineBlock.minecraft.leaves":5,"stat.playOneMinute":11552,"stat.fallOneCm":546,"stat.useItem.minecraft.stone_pickaxe":68,"stat.damageDealt":400,"stat.crouchOneCm":6883,"stat.mineBlock.minecraft.iron_ore":8,"stat.timeSinceDeath":11552,"achievement.mineWood":35,"stat.useItem.minecraft.wooden_axe":61,"stat.useItem.minecraft.dirt":1,"stat.useItem.minecraft.crafting_table":2,"stat.sprintOneCm":15593,"stat.mineBlock.minecraft.dirt":6,"stat.craftItem.minecraft.wooden_pickaxe":2,"stat.killEntity.Pig":3,"stat.mineBlock.minecraft.stone":91,"achievement.exploreAllBiomes":{"value":0,"progress":["Sunflower Plains","Birch Forest","River","Plains"]},"stat.mineBlock.minecraft.tallgrass":10,"stat.craftItem.minecraft.stick":12,"stat.craftItem.minecraft.wooden_axe":1}